<?xml version="1.0" encoding="UTF-8" ?>
<module>
    <name>emailtoclient</name>
    <displayName><![CDATA[Invio Email al Cliente]]></displayName>
    <version><![CDATA[1.0.0]]></version>
    <description><![CDATA[Modulo per inviare email personalizzate a clienti o gruppi di clienti.]]></description>
    <author><![CDATA[Eduardo]]></author>
    <tab><![CDATA[administration]]></tab>
    <is_configurable>1</is_configurable>
    <need_instance>0</need_instance>
	<limited_countries></limited_countries>
</module>